Constraints,time1,time2,time3,time4,time5,time6,time7,time8,time9,time10
1,0.392408,0.045733,0.049733,0.051159,0.048508,0.049687,0.048066,0.046975,0.049536,0.047089
2,0.046085,0.04549,0.047329,0.047143,0.048697,0.046945,0.04846,0.047745,0.048851,0.046188
3,0.046155,0.047359,0.048527,0.047781,0.046585,0.046558,0.048771,0.044761,0.047598,0.047848
